Code Résidence ACM;Zone_Sensible;Date de Construction
1;QPV;19450101
2;Hors QPV;19500101
5;Hors QPV;19570601
6;Hors QPV;19610101
7;QPV;19620101
8;QPV;19640101
9;Hors QPV;19640101
10;Hors QPV;19650101
11;Hors QPV;20100601
12;QPV;19641201
13;QPV;19670101
14;Hors QPV;19670101
15;QPV;19680501
16;QPV;19691115
17;QPV;19690101
18;QPV;19700101
19;QPV;19700201
20;QPV;19700601
22;QPV;19710401
23;QPV;19710601
26;Hors QPV;19730901
28;Hors QPV;19750601
29;QPV;19751201
30;QPV;19760201
31;QPV;19760101
35;QPV;19641001
36;Hors QPV;19000101
37;Hors QPV;19770815
39;QPV;19780415
40;Hors QPV;19790201
41;Hors QPV;19790201
42;Hors QPV;19790415
43;Hors QPV;19790515
44;QPV;19791001
47;QPV;19800801
50;QPV;19810115
52;Hors QPV;19810401
53;Hors QPV;19810501
55;Hors QPV;19810101
72;Hors QPV;19790415
75;Hors QPV;19831201
82;Hors QPV;19840901
86;Hors QPV;19830815
92;Hors QPV;19970315
95;Hors QPV;19830701
97;QPV;19850701
104;Hors QPV;19000101
113;Hors QPV;19000101
115;Hors QPV;19850701
117;QPV;19860420
123;QPV;19860101
124;QPV;19870301
129;QPV;19880601
131;QPV;19900801
132;Hors QPV;19841015
133;QPV;19870201
134;QPV;19870201
135;Hors QPV;19861015
137;Hors QPV;19880801
140;Hors QPV;19880601
142;Hors QPV;19000101
144;Hors QPV;19931101
149;Hors QPV;19880401
150;Hors QPV;19000101
151;Hors QPV;19870731
153;Hors QPV;19881001
155;Hors QPV;19880501
162;QPV;19890201
163;Hors QPV;19910415
168;Hors QPV;19920609
172;Hors QPV;19000101
173;Hors QPV;19901001
176;Hors QPV;19890701
181;Hors QPV;19890201
182;Hors QPV;19881215
183;Hors QPV;19881001
184;Hors QPV;19000101
188;Hors QPV;19880101
189;Hors QPV;19000101
190;QPV;19900719
191;Hors QPV;20000901
194;QPV;19890201
197;Hors QPV;20080901
198;Hors QPV;19910801
203;QPV;19000101
217;Hors QPV;19911201
218;QPV;19951231
219;Hors QPV;19000101
227;Hors QPV;19000101
229;Hors QPV;19000101
231;Hors QPV;19931201
270;Hors QPV;19000101
274;Hors QPV;19951001
276;Hors QPV;19941122
279;QPV;19950401
281;Hors QPV;19911101
286;QPV;19950708
288;Hors QPV;19951015
289;Hors QPV;19910301
294;Hors QPV;19951115
301;Hors QPV;19960601
302;Hors QPV;20090301
322;Hors QPV;19931201
325;Hors QPV;19000101
327;Hors QPV;19000101
329;Hors QPV;19900201
333;Hors QPV;19000101
335;Hors QPV;19950515
336;Hors QPV;19000101
339;QPV;19620701
351;QPV;19730701
356;Hors QPV;19000101
357;Hors QPV;19000101
358;Hors QPV;19941215
359;Hors QPV;19930308
360;Hors QPV;19000101
361;Hors QPV;19960615
366;Hors QPV;19961001
369;Hors QPV;19960201
370;Hors QPV;19970801
375;QPV;19720101
381;Hors QPV;19980901
382;QPV;19920210
383;QPV;19940301
388;Hors QPV;19920601
393;Hors QPV;19961201
396;Hors QPV;19910301
398;QPV;19860401
405;QPV;19970601
406;Hors QPV;19970922
408;Hors QPV;19970415
412;QPV;20060601
414;Hors QPV;19960415
415;Hors QPV;19960301
416;Hors QPV;19970520
417;Hors QPV;19970602
421;QPV;19990709
422;Hors QPV;20001015
432;Hors QPV;20010301
434;Hors QPV;19980101
440;Hors QPV;19920215
449;Hors QPV;19980715
451;Hors QPV;19970715
452;Hors QPV;19971115
456;Hors QPV;19980515
458;QPV;19981201
462;Hors QPV;19980515
472;Hors QPV;19990315
476;Hors QPV;19930922
489;Hors QPV;19000101
495;Hors QPV;19990315
498;Hors QPV;19990501
512;QPV;19970701
513;QPV;19950101
515;QPV;19971208
518;QPV;19920101
519;Hors QPV;20080101
520;Hors QPV;20090217
522;Hors QPV;19921215
524;Hors QPV;19960601
526;QPV;19981201
535;QPV;19981201
536;Hors QPV;19981215
537;QPV;19990315
540;QPV;19980901
541;QPV;19990201
543;Hors QPV;19920901
545;QPV;19990101
547;QPV;19990108
550;Hors QPV;19981201
552;Hors QPV;20001015
561;Hors QPV;20000115
562;Hors QPV;20000401
563;QPV;20000801
565;Hors QPV;19991101
573;Hors QPV;20020701
579;QPV;19680101
581;Hors QPV;20060721
583;Hors QPV;19931222
589;Hors QPV;19000101
590;Hors QPV;19000101
594;QPV;19991015
595;QPV;19990608
596;QPV;20000715
599;Hors QPV;19931213
601;QPV;19620101
603;QPV;19620101
605;QPV;19771001
606;QPV;19771001
607;QPV;19771001
608;QPV;19771001
609;Hors QPV;20090626
610;QPV;19791001
611;Hors QPV;19890901
617;Hors QPV;19991101
618;Hors QPV;20010701
625;QPV;19990601
626;QPV;20011015
628;Hors QPV;20011101
629;QPV;19991001
636;Hors QPV;19620101
658;Hors QPV;20010601
667;QPV;19671026
669;Hors QPV;20001015
672;Hors QPV;20011201
673;Hors QPV;20010801
674;QPV;20000731
687;Hors QPV;20020601
693;QPV;20010601
695;QPV;20020501
705;Hors QPV;20051115
706;Hors QPV;20011101
707;Hors QPV;20011201
708;Hors QPV;20030715
709;Hors QPV;20040601
710;Hors QPV;20011031
712;QPV;20030401
713;Hors QPV;20040601
715;Hors QPV;20040504
716;Hors QPV;20010301
717;QPV;20011201
718;Hors QPV;20020301
723;QPV;20020801
726;Hors QPV;20020501
728;Hors QPV;20030601
730;Hors QPV;20021201
743;Hors QPV;20010601
744;Hors QPV;20060601
751;Hors QPV;20030601
752;Hors QPV;19860708
753;Hors QPV;20060703
754;Hors QPV;20040915
755;Hors QPV;20030801
756;Hors QPV;20040430
757;Hors QPV;20020329
758;Hors QPV;20051001
759;Hors QPV;20050126
762;Hors QPV;20060401
763;Hors QPV;20061024
766;Hors QPV;20050701
767;Hors QPV;20050901
768;Hors QPV;20050301
769;QPV;20051201
770;Hors QPV;20051201
771;Hors QPV;20070301
772;Hors QPV;20050601
773;Hors QPV;20050701
775;QPV;20060710
776;QPV;20061015
777;QPV;20060703
778;Hors QPV;20060401
779;Hors QPV;20090615
780;Hors QPV;20100715
781;Hors QPV;20061023
784;Hors QPV;20090421
786;Hors QPV;20051010
788;Hors QPV;20061001
789;Hors QPV;20070315
791;Hors QPV;20090731
792;Hors QPV;20090601
793;Hors QPV;20070601
794;Hors QPV;20071201
795;Hors QPV;20100801
796;Hors QPV;20080305
797;Hors QPV;20061201
798;Hors QPV;20090608
800;Hors QPV;20090709
802;Hors QPV;20081017
803;Hors QPV;20100506
804;Hors QPV;20080801
805;Hors QPV;20080301
806;Hors QPV;20080519
807;Hors QPV;20091117
810;QPV;20091130
811;Hors QPV;20090806
813;Hors QPV;20090504
815;Hors QPV;20100503
816;Hors QPV;20091218
817;Hors QPV;20081201
818;Hors QPV;20080201
819;Hors QPV;20081201
820;Hors QPV;20090401
821;Hors QPV;20080808
822;QPV;20100301
823;Hors QPV;20110615
830;QPV;20130715
831;Hors QPV;20091130
832;Hors QPV;20110630
833;Hors QPV;20101215
834;Hors QPV;19880101
836;Hors QPV;20101125
837;Hors QPV;20110726
838;Hors QPV;20140201
840;Hors QPV;20110117
841;Hors QPV;20100415
842;Hors QPV;20100806
844;Hors QPV;20100330
854;Hors QPV;20101015
855;Hors QPV;20100301
856;Hors QPV;20131118
858;Hors QPV;20110905
859;Hors QPV;20120715
860;Hors QPV;20120412
862;Hors QPV;20100727
863;Hors QPV;20110728
864;Hors QPV;20110217
866;Hors QPV;20101215
869;Hors QPV;20110105
871;Hors QPV;20140201
872;Hors QPV;20110615
873;Hors QPV;20120727
874;Hors QPV;20111001
875;Hors QPV;20110912
876;Hors QPV;20120628
877;Hors QPV;20110527
878;Hors QPV;20110501
879;QPV;20101215
880;QPV;20110314
881;QPV;20110711
883;Hors QPV;20140723
884;Hors QPV;20120723
885;QPV;20120116
886;QPV;20110429
887;Hors QPV;19910222
888;Hors QPV;20130701
889;Hors QPV;20140228
890;Hors QPV;20131211
892;Hors QPV;20141015
893;Hors QPV;20131001
894;Hors QPV;20130601
895;Hors QPV;20140225
896;Hors QPV;20130620
897;Hors QPV;20141016
898;Hors QPV;20170629
899;Hors QPV;20140501
901;Hors QPV;20120329
971;Hors QPV;20000101
972;Hors QPV;20000901
978;Hors QPV;19900101
985;Hors QPV;19780101
1000;Hors QPV;20150730
1001;Hors QPV;20131128
1002;QPV;20150914
1003;QPV;20150622
1004;Hors QPV;20150204
1005;Hors QPV;20140619
1006;Hors QPV;20140929
1007;Hors QPV;20141028
1008;Hors QPV;20141210
1009;Hors QPV;20150504
1011;Hors QPV;20150604
1012;Hors QPV;20150304
1014;Hors QPV;20160120
1015;Hors QPV;20170530
1016;Hors QPV;20150317
1017;Hors QPV;20161115
1018;Hors QPV;20181030
1019;QPV;19000101
1020;QPV;20141028
1021;QPV;19000101
1022;QPV;19000101
1023;QPV;19000101
1024;QPV;19000101
1026;Hors QPV;20161215
1027;Hors QPV;20150127
1028;Hors QPV;20171220
1029;Hors QPV;20171220
1031;Hors QPV;20160202
1032;Hors QPV;20150723
1033;Hors QPV;20150423
1034;Hors QPV;20150424
1037;Hors QPV;20161015
1038;QPV;20191230
1044;Hors QPV;20190722
1045;Hors QPV;20180711
1046;Hors QPV;20201023
1047;Hors QPV;20211007
1048;Hors QPV;20160428
1049;Hors QPV;20160908
1051;Hors QPV;20160701
1052;Hors QPV;20190128
1053;Hors QPV;20160915
1054;Hors QPV;20150915
1055;Hors QPV;20170928
1056;Hors QPV;20151105
1057;Hors QPV;20170228
1058;Hors QPV;20161201
1059;Hors QPV;20161117
1060;Hors QPV;20170711
1061;Hors QPV;20160825
1062;Hors QPV;20160513
1063;Hors QPV;20170222
1064;Hors QPV;20180411
1065;Hors QPV;20191112
1066;QPV;19740101
1067;Hors QPV;20170330
1068;Hors QPV;20170928
1070;Hors QPV;19940207
1071;Hors QPV;20200720
1072;Hors QPV;20170712
1074;Hors QPV;19810101
1075;Hors QPV;19890915
1076;Hors QPV;19890915
1077;Hors QPV;19980622
1078;Hors QPV;20180727
1079;Hors QPV;20201021
1081;Hors QPV;20170928
1082;QPV;20200708
1084;QPV;20200630
1086;Hors QPV;20210607
1087;QPV;20000208
1088;Hors QPV;20190215
1091;Hors QPV;20191205
1092;Hors QPV;20191018
1093;Hors QPV;20180630
1094;Hors QPV;20201217
1097;Hors QPV;20191218
1098;Hors QPV;20201210
1099;Hors QPV;20220517
1101;Hors QPV;20190517
1102;Hors QPV;20200420
1103;Hors QPV;20210929
1107;Hors QPV;20211210
1108;Hors QPV;20190716
1109;Hors QPV;20191213
1110;Hors QPV;20210517
1111;Hors QPV;20200311
1112;Hors QPV;20210430
1113;Hors QPV;20210621
1114;Hors QPV;20210304
1115;Hors QPV;20210219
1116;Hors QPV;20221124
1117;Hors QPV;20210331
1121;Hors QPV;20210709
1122;Hors QPV;20210622
1123;Hors QPV;20200930
1124;Hors QPV;20191220
1125;Hors QPV;20211125
1129;Hors QPV;20220926
1131;Hors QPV;20220712
1132;Hors QPV;20200721
1135;Hors QPV;20211215
1136;Hors QPV;20201204
1138;Hors QPV;20210318
1143;Hors QPV;20220721
1149;Hors QPV;20210730
1168;QPV;20100101
1171;Hors QPV;20220731
1177;Hors QPV;20090701
1179;Hors QPV;19800101
1180;Hors QPV;19000101
1181;Hors QPV;19000101
1182;Hors QPV;19700101
1451;QPV;19690501
1452;QPV;19801001
1454;Hors QPV;19830501
1455;Hors QPV;19830501
1456;Hors QPV;19831001
1458;Hors QPV;19831201
1459;Hors QPV;19840401
1460;Hors QPV;19840101
1461;Hors QPV;19841201
1462;QPV;19850601
1463;QPV;19860201
1464;Hors QPV;19860701
1465;Hors QPV;19860615
1466;QPV;19890101
1467;Hors QPV;19871001
1468;Hors QPV;19880401
1469;QPV;19880515
1481;Hors QPV;19890101
1482;Hors QPV;19890101
1483;Hors QPV;19910814
1485;Hors QPV;19930701
1486;Hors QPV;19920901
1488;Hors QPV;19940201
1489;Hors QPV;19960301
1490;Hors QPV;19940701
1491;Hors QPV;19941001
1492;Hors QPV;19941215
1493;Hors QPV;19960701
1494;Hors QPV;19951101
1496;Hors QPV;19960401
1497;QPV;19970101
1500;QPV;19980715
1506;Hors QPV;19990616
1507;Hors QPV;20000901
1508;Hors QPV;20010701
1509;Hors QPV;20000901
1512;Hors QPV;20030101
1513;Hors QPV;20030515
1514;Hors QPV;20040601
1517;Hors QPV;20050727
1518;QPV;20061101
1519;QPV;20070201
1523;QPV;20080601